rainfall_mm,wind_kmph,humidity_pct,temperature_c,ground_saturation,seismic_index,river_level_m,infra_vulnerability,early_signals_count,time_since_last_event_days,disaster
6.848505288377173,138.33349772322902,56.04659942528939,30.706076370115284,0.09544591744027195,0.8819572556590161,1.8387914016521085,0.1777874699079469,1,66.88800215366132,0
26.3431049723616,136.26151609028543,90.11367548835942,39.03742885370947,0.35743444715976247,1.0134811271781343,3.0595445622252186,0.6144811912499701,1,125.43695680998049,0
45.958280027548575,32.90840837943694,87.72275944987241,13.673210839636102,0.308283387898387,2.2054518476815055,5.98292164260087,0.17528423527054293,0,22.089423409154417,0
78.00358245327511,60.91231988396565,81.1396496681904,-4.824457454467469,0.7163273678387116,1.258363281739136,5.298069208060911,0.14970735202868202,0,31.496529532066504,0
88.97656949950758,131.25130496159554,57.187984296324174,14.537517385454663,0.510923779296647,1.7792950159363516,5.3171479750669715,0.24473933890808394,1,58.92513239434192,0
26.114822324498174,49.361066919109184,71.04025881729984,4.593835655117838,0.111839756208759,2.326033980671043,3.1678973559138925,0.18673880277667518,1,8.80104353961051,0
18.25526390346365,79.8130235907017,80.10184935501968,43.46748072099126,0.31208442631015115,3.7900255132529246,2.271897402688342,0.21087779397904088,1,33.732618684750165,0
81.24270182072486,96.72840651445902,58.01581755655596,14.101741520563547,0.18485571582247515,1.9191346177750965,6.190801759741183,0.12653280556849203,1,6.7098992179183385,0
43.45519825163309,126.4717297544618,98.56619029085047,20.510796703920207,0.44909758661721155,3.02402649153759,5.0120762706502315,0.33868218555032875,2,17.422900764761234,0
147.16233687275223,44.26632902764279,20.89236698494644,36.981469378449596,0.7491577886655423,3.064971165837683,8.618294958971973,0.25412676596074707,0,13.230277777492699,0
130.05485777058576,7.683644460646988,77.88645603519848,14.188696517781189,0.6221798981776767,1.1003575538327266,6.439505700785204,0.41093036343040945,3,36.67701301250888,0
153.45124969233436,21.459292908510356,77.64691354965099,9.994287002790246,0.48273559508530406,1.9411942338720163,6.7551706164998295,0.14677791387041006,0,23.52238779902547,0
68.26570107440642,66.2780562136596,71.03443916637323,44.93057135187271,0.27021782653684656,1.696757888584318,4.726214657923883,0.16413361100110188,0,38.488381064260686,0
33.27379993911646,143.6969029873336,66.509324576366,26.483632592994365,0.7258796487738577,2.143803279655534,5.3673157209515905,0.5666794710577278,0,20.620597093082015,0
20.653614697280016,76.81328650479959,64.29825851186891,20.299166457853172,0.31135732619725875,2.8901050381462476,5.253747845954157,0.1826723612232132,0,37.057364741122754,0
52.67434522386365,35.90547545130695,33.52831203365212,39.484686266378,0.21909993878985135,1.3943917290607832,5.201920408831096,0.685299238504835,3,3.0083015331603686,0
215.1754331793276,144.35479746817927,39.9436280003689,1.901380446894839,0.574623727468806,1.2294747677516453,9.837843979183226,0.047728368174562684,2,17.802175257198,1
48.257950826916755,76.88643238863175,29.231988662466257,18.349970976661012,0.44172801359895014,1.6877491248234633,5.122312957956847,0.2922063751439316,0,16.12088512037684,0
32.364490828530336,69.95618917568228,86.17265187420986,33.35062649903847,0.15890087964383576,3.5427241661092514,3.2519133303695353,0.04717830974531756,1,59.70166340885639,0
29.443231527801803,25.042526855170376,63.32050256979903,24.68262897234052,0.45271118961808765,1.2049256179426586,2.9431251954679754,0.28038748492141674,0,21.55325806787951,0
30.567104038520363,33.46350276680337,98.1130577907245,9.367683087099836,0.4575025144382205,1.8410602972223276,2.784765096654835,0.31419135397893605,0,115.42229990508181,0
55.691958917064746,60.85716362714216,88.11875594511952,10.357497509497609,0.3006878574252632,0.23430700015254557,5.779747615978263,0.23140592834186743,0,106.1224371262989,0
84.71502533156351,99.35577898691302,21.592118699206225,13.594799977058802,0.1847088565567328,0.6826610434699325,6.723590062187862,0.10765962553406117,0,9.340037492136432,0
3.8988829484145753,95.71390886946786,21.11853703770918,5.968403253263503,0.21645579575329654,1.942143860565938,1.2768771290505483,0.38865363926038227,0,91.46519602271897,0
67.75848953166944,58.40846695003103,96.91997433897178,16.65401018010656,0.13278158199338508,1.5311703946953552,6.526754206372798,0.1306542092122178,2,166.27368922608048,0
20.074165318214277,104.92918056038579,96.04736104607507,15.918445506600357,0.29002150025489537,1.7106066430941265,4.919228299875721,0.7294999587254416,1,131.35126461398409,0
64.71041255736976,124.68687076349137,64.547553050765,7.116490572686949,0.4009939495445649,3.3378977510321564,6.370945662314528,0.37939367968997606,2,34.22079891986177,0
19.825359195936755,95.41584519654279,73.09635831410048,6.974435728506494,0.28346372741415393,1.76841451378995,4.476720996667059,0.18221450299232958,1,47.541702622400805,0
129.69733406925286,116.77738200924952,62.72221843077742,27.340283017454844,0.5201618241373475,0.6259339454009647,8.655171377803446,0.39435935082245754,0,25.293747519053124,1
88.98442797240877,119.61308309124965,28.307150888874204,12.557184527840601,0.541221690336453,0.3019095748232927,6.678771175337974,0.5670908830477429,1,28.169228625522525,0
91.16152933959835,7.794914719677037,79.56829432027041,25.70155992243253,0.6443914275595598,2.0614811869237415,7.634721156588286,0.18643812445478186,0,55.737174341069796,0
98.07281728659608,37.24312194462689,25.12348190918308,5.4444446357421565,0.7267970406471433,2.319942009117355,6.408986236325382,0.3759406314890786,1,74.00492143891945,0
86.95933719345015,136.62513404846308,41.15234383437163,44.88921939100324,0.3661538563962221,2.8768532241969824,5.9329154165086155,0.14298325668924342,0,63.58151780527737,0
47.53623427756985,75.58331951869103,50.7355347940782,30.885168085466844,0.3110790459671696,2.915926632099888,5.387014553914354,0.21042158086499205,0,161.26775491888577,0
120.35967437765727,51.84405555542384,41.672737859749695,11.835283444876676,0.390149428385952,1.772563973219231,7.366576092791545,0.5446848944378614,5,70.75377866036828,1
42.862564494595794,143.66499872643337,53.53993994551726,35.455160841152306,0.20899318543017176,3.3479988539121632,4.122949877910067,0.2596979993544859,1,40.14560528752784,0
127.51848208696244,110.32810586903717,40.65265341267826,33.93006793502782,0.47470694879879904,2.084513458287123,8.26744237599879,0.12194202540004463,1,20.871995137981287,0
30.731280269561978,39.250704995625966,72.29589543240634,10.088961156813824,0.5286842443998467,2.2590663579849397,4.920392383155399,0.09582424457397251,1,17.122828652959512,0
64.18146264968719,79.11846955825982,61.00727402138371,5.889955755821079,0.5840727865989027,3.6352694256512263,4.987495596825112,0.23317145777775936,0,49.76037030496496,0
35.41025827750917,100.05552856880308,59.6254117547127,38.68343278256657,0.5531867846171687,2.977775143176176,3.4545524504598863,0.2884115177032278,0,46.42245554731114,0
36.910659840083866,95.50393715369125,46.158209859419145,31.97089568329328,0.5653644051912049,3.4372649616657074,5.017462187426798,0.2756234165221938,0,24.256882772949194,0
28.08124964772407,120.8858763800162,62.58482107039285,11.456835277804018,0.08572245320851923,1.0240411803544998,4.735683108489621,0.09646175324394592,1,2.9245100313319576,0
63.58087002031898,77.64447425969509,34.746507919055304,11.846343748201921,0.1938251999686976,0.11338965794124856,5.41412975473532,0.2299508027709829,1,55.25144840091695,0
28.130224630282292,52.596403718572034,50.23746845130273,21.434292683940985,0.1914290197133325,2.3944121877325886,4.6515949923002085,0.3269633573724551,0,45.067627979551716,0
22.96432345964636,7.849928595099426,42.93284650296184,-2.8977601962027655,0.14438572434443223,3.667645656090067,3.5273307851481674,0.6693029609845028,0,0.34367558847372087,0
31.01831260597999,68.24261652629995,87.83773546500723,2.795925483141353,0.25562539794949196,1.9483038708589557,3.9192010593926208,0.25928073813123326,0,78.08480490818688,0
77.90566385642951,73.0623816485367,96.35581558823908,2.9970401183464324,0.3222326447134114,2.788577402920846,7.1641392171435125,0.2671772714050668,0,73.40681267207633,0
6.944529572138106,94.20456968543056,51.75115144712316,24.261016469547762,0.233876012927978,2.3116544678536854,1.5904624868036161,0.17053854254934336,1,23.73736195694955,0
30.34769300770876,134.21429805187424,87.76096283112668,16.28808074651526,0.1396530413857299,2.3258699529322735,4.77740031008638,0.19912086285476926,0,64.86309054213564,0
5.333255275151723,144.57264917822707,80.40751738385171,-4.785912108194818,0.3237931003818341,0.9573736847891345,2.049574697482071,0.28453778032781657,1,41.538197615299204,0
101.3887983494804,20.408435164746443,32.46012982924238,28.13612116840889,0.33038966357821653,0.1844369513577091,7.271352273807178,0.21964914443182543,1,43.4926728568787,0
86.47984646976992,85.42235822048877,85.49903923637216,1.7119209546871783,0.2501290032356159,3.9286730449698375,5.515192278776751,0.2507845022278434,1,56.24282000478897,0
5.711960564993542,80.87906911909715,89.11486459679638,36.582002008466546,0.5615505810423228,1.6708292560461817,1.4051715526270088,0.1265317455247781,0,138.43883186405654,0
59.545347349108326,71.18003439336611,69.55560590545227,1.0811445340047126,0.414361675542271,2.145488772032289,5.339287573412777,0.28694941989090994,0,1.252084900133657,0
27.44057351344576,75.43132800983773,81.705851457348,3.6686578378754096,0.18579911837098875,4.246142790965894,4.89496190995028,0.17622974827612323,2,92.82346312926738,0
188.34597590636844,46.33765842656491,71.42667126525905,15.178519622480067,0.5898536014587601,1.7108851743523932,8.45203319897919,0.7182217723722596,0,103.51836767822441,0
68.43721473129462,64.47468862695038,77.5576185050705,44.339829708994834,0.2703440896104111,3.663987615757975,5.450125216506211,0.24056033422670933,3,106.2629776890089,0
18.348578806926266,42.6432433643189,94.67306563596439,11.933980222851545,0.5685483011414844,1.3759658080151014,2.3512516442698956,0.13263806499927447,0,72.67165680687741,0
46.10015375862361,10.853588661198993,70.43207408287996,24.57643986776865,0.39367787955865474,1.692239398379888,6.1143064923051345,0.2317248531126819,0,97.30720942471463,0
29.507815437497875,56.98864364430218,43.84340182330847,25.70218034862818,0.24177386102933102,0.9173804341030385,3.1849256765920146,0.4930706067026283,0,23.621865676523896,0
5.459870936303376,28.657780306302428,68.76548271187713,-2.273872056086014,0.31140917052409,1.011452361208212,2.907440053226077,0.41131462217571535,0,26.012528455268885,0
148.96573585411116,16.891384402383103,84.00435263610972,33.13430852273043,0.7804369154284605,1.9294917827278366,7.6090350665716375,0.05698560425436918,1,244.11192418158566,0
41.30480158937639,107.04904246682307,30.90004520735823,25.425230648539326,0.07704453751741225,2.9259949749178125,5.869177814657022,0.4691395934293889,1,47.301708295595255,0
25.65029916137705,36.719980950258886,86.05371567835824,19.991112887429452,0.1420280539892785,2.1446612276182426,5.492921203749121,0.44152638705411756,1,44.514233395250166,0
49.19484565390583,147.68638445641696,82.03276116739957,0.31942027070386736,0.26693615091208145,1.7163364165615231,4.513442030277059,0.6099028135981257,1,53.62730034941539,0
137.18685371364663,5.933625984391972,82.17487275516876,38.5445895233903,0.3195133092267912,3.470077286101845,7.4518577768505905,0.5695998493499631,0,19.598860215302473,0
12.928865522263747,68.44752308264435,35.04328740710286,25.844289163040806,0.08640438324156316,2.6064297866009536,3.2547475626204188,0.39810697343256224,2,25.21949689708009,0
24.53384047550997,116.52320508604215,29.350300847275122,36.72368717313142,0.23206557859761318,0.5139831275156184,2.887443414045765,0.5121032081134004,1,135.6196927731944,0
75.61611143405474,54.26524678838488,36.24564743360497,0.40801761175910833,0.28282490898007184,1.6986374637600936,6.28903841163593,0.129587445353888,2,6.586039817080279,0
57.50575114116373,93.87617924735636,30.87461978938565,30.900310505382393,0.3046526515827428,1.2072816169981118,5.079040099659826,0.1654453571496797,1,3.0889594289383058,0
51.8201294879605,92.93738892406303,38.43958698812167,-3.7562058992697276,0.5533126335194025,1.4534346915996998,4.374082788396093,0.07037071261444398,4,88.15970628406848,0
56.63685344376562,102.46043627851861,62.38199322054388,6.359562659110805,0.45009443644668484,2.670719294120773,5.742324533877802,0.2571914558335837,0,8.862844493987335,0
108.81485927884458,5.9566811358370835,41.88022926637657,4.062390303307749,0.4887756442487753,0.43547743936882277,6.3636340350853775,0.5614132063596967,1,0.7271718389839781,0
78.14357609015312,146.2866802925938,69.29794012855623,16.817559715180586,0.30564695765916616,6.345603387432195,4.974610349125478,0.40458641528710987,0,73.46160128540558,0
38.58049443640064,6.01036295224,91.2659305208502,32.45577895129353,0.36756239012286746,1.894348573668855,5.7252732506531245,0.17166478837025323,1,49.47254475266638,0
89.4968899935823,136.35083832535545,86.4200154225108,-4.258491878414606,0.5459082529302715,1.3364642359858177,5.502300987746302,0.16600146745485753,0,11.946667745553302,0
89.51159730708517,110.74432657174614,37.6898610311212,33.21102419211543,0.7310010274049472,1.6365480508726988,6.296766876997344,0.43812731960710527,1,178.09098735573508,0
41.80563888368577,17.5206161600928,68.97329765785165,14.175451224636952,0.14209535692892128,1.378015021690158,4.998736431911349,0.6016488609080778,1,66.8029084240278,0
39.19042646487333,142.11419970896898,34.893202859685616,22.51477615915648,0.10027632861046487,2.905483629679468,3.748113194527624,0.43388268834991683,0,37.561311458237334,0
28.945338692766516,60.77957138629945,98.08161260195953,20.120139674006335,0.30757329476233664,2.882680702466342,4.333847688896231,0.485104423807897,2,1.7268258524916835,0
47.126363737169356,48.08042502097433,28.202763049011523,-0.9148020198885618,0.29447735714260553,2.126397193213357,6.002975212264566,0.4303010653775071,0,20.325690654456768,0
68.55300684768001,20.34399240109701,37.83600068462029,9.169884728529691,0.29311492616219237,3.6291236631993162,4.533399785826878,0.3580300758716277,2,55.530361887013484,0
64.01977967189683,1.9515320138809078,86.31439129544097,7.518652535348885,0.2470227886791612,1.170635648491663,4.00369948282828,0.10350161337966099,0,5.79306973601446,0
48.625258946667124,89.40653932164707,89.8844460981671,40.848937450925135,0.6055946381662825,1.9915848465980788,5.238465911389791,0.46717437734996736,0,17.0667349270218,0
11.455784949297586,122.51900543615211,68.83150933152429,23.846106929982174,0.5284487144665091,2.47096159130153,2.793856879659282,0.31586220853016145,0,0.6702718240395474,0
54.91988532622277,4.658531405273342,36.41462667161286,38.85136356308186,0.1952786620100517,1.0630521510500135,6.564116403257765,0.24935078673974653,1,6.4633953778444235,0
4.99762824951556,84.10417220635202,59.30792722150282,13.774862066081049,0.5311728296312084,3.8535816913108105,2.263890544591389,0.16025330814529803,1,20.955652478560197,0
13.333317549430577,68.93444662582829,57.49213095971082,37.46095723470524,0.2712166136537048,2.7811454684875647,3.860697885656161,0.5617887919024132,1,86.61951700658726,0
2.2604709859526797,72.36354023920933,50.076792771253096,5.521024187075911,0.2320315750156284,3.906463392728436,3.31255111251748,0.04759251411577765,1,299.83249074850403,0
31.18441030014955,135.2874161756824,76.35388971819893,8.05333999476646,0.5197309389649021,0.44875093856048354,4.579473475151845,0.061505361647665006,1,25.55744961340596,0
13.732831874494355,100.20291787688399,97.76767945698488,8.86879066666507,0.1746256536588398,2.364309658297685,3.079814967873647,0.13023001001368664,2,64.31939176507323,0
17.217084244340267,72.79001135139323,58.46289345437818,22.424179287456223,0.12007535689261797,1.3174842579547772,3.068151462467429,0.7425985411491464,2,92.53413904653415,0
45.90491802003248,21.991245054000473,73.88134294538072,3.5761346893593497,0.3195825984960942,0.9108013143278302,3.696351612368015,0.14339469986668515,2,85.5955716976779,0
32.07618525416661,78.49293739503747,30.833507985426245,13.877271149777858,0.4845995942884581,2.858887979480487,3.2197019737868056,0.40061013661810607,2,83.16886503334709,0
29.91385930347584,88.87402187646076,80.38980231268485,25.170878923614165,0.20078777555657856,3.15094133531284,4.576866229267429,0.2840753384753765,0,18.43122513750171,0
22.643487463647244,4.660219536668447,49.0659580455208,42.33955861408103,0.23725380551746514,3.3865140316790034,4.159819035541222,0.362051573686003,0,6.16796889183462,0
38.99357932985791,131.21206102334622,78.58406164865448,38.5405212387809,0.21585700850400685,2.36273552054162,5.717930743686675,0.26317151329867855,2,58.173282372605904,0
70.67059570254743,59.73753522951192,55.460275317996974,29.075726772116894,0.3325242696120004,2.564408321103617,6.624308693524638,0.4018558466544647,0,0.5603019127979041,0
142.04026105101008,67.43750293803934,46.17769465291631,20.39471047656388,0.7608435226586896,0.0508015179893091,7.60272504722772,0.4589844028275191,0,36.82640317680754,0
61.69142730615095,33.07057214990547,60.777853728285216,37.10830150306916,0.3016943013733992,1.8299074633442372,6.304223259086873,0.501119812742423,1,118.25379346249707,0
57.34547585954315,23.74293840886471,33.31314274487519,10.02955613904592,0.18687125189548875,2.2116895217917616,6.210095889615717,0.19406146961876822,0,8.181531567261905,0
61.008954529915876,82.69760859942213,51.57032559248256,6.70381019920576,0.19468916329816066,1.6882164199743313,4.295917088662327,0.49507572014777623,0,19.20235032634086,0
58.09633101742982,79.47135856050812,56.73273043007291,30.334719017125735,0.5356377451666974,1.9556346167073417,6.229323033040199,0.5821352274599366,5,61.427943153478246,0
26.640988605914952,105.19400131325762,47.58295429236292,24.008818489826695,0.3051409616779743,3.093611148417269,3.8864054249273234,0.4638560972821631,1,365.0,0
129.35145931456697,114.32812667911232,44.708871938917056,43.28957650534838,0.3894273901720706,4.05634522261021,7.2433218556613115,0.3944107237662995,0,44.71742175431771,1
57.71304852013117,143.39700882391085,47.33695034733507,40.69073991681062,0.4637539144123445,1.4726752779779673,6.701064657970802,0.2891076325063739,3,58.23776547047586,0
58.00540713895999,60.37895332352131,86.2702516481317,14.481300867900519,0.41943182596463924,0.4674710636170927,4.221748996726505,0.2086790112531523,2,1.4054796738260946,0
124.30179016676294,50.60386175359194,52.20891506721301,4.626495771906974,0.38953702800293366,1.6215738091473169,7.172761470840291,0.20151819353951053,1,22.34422499254032,0
8.741442766509865,136.62363304955943,66.94563560588509,23.222092082690665,0.1388653756379932,1.3913620994831752,2.486298222260574,0.6950264435461273,1,0.19404655501722928,0
124.75956323926177,37.11944718497195,65.87996679481728,14.927185718269126,0.6113210810983847,0.44875970856085745,5.856466207909445,0.28624580477745554,3,21.999733624103833,0
58.464690081800356,75.5537641856167,50.4120113566136,15.215621560987941,0.3080741234304015,1.6308824929759396,6.695848452963787,0.04078105310043419,1,32.027919718610605,0
123.0207803595616,87.77921780892808,92.14706531533369,27.678036277259643,0.4325373681341126,0.30664035726243255,7.785059157968354,0.5653894504539188,0,17.675075352458695,0
114.75748732284461,51.843025335118426,96.48157683892536,41.92944290886483,0.46141144210819485,3.4185344094422687,6.345657287835938,0.48876356870744414,1,2.768324833955629,1
36.05612777989369,118.53898559125406,28.550670006962513,38.84239991257282,0.2168829709228676,3.1048691421921273,3.9997853589301577,0.11832484576217643,0,73.84415785996731,0
40.02706751503185,12.91741657595607,22.401618057386905,16.194987599849913,0.18470425936918214,1.97242592467734,5.742847859241157,0.30763772117551924,0,70.61505123772909,0
15.455652224914893,122.75409620928251,51.43606119930824,0.7778349418169395,0.1275478821960745,0.6660890818533676,2.3212736975803723,0.3597051877453322,0,10.867601754822985,0
31.89153639993602,36.89996104601928,70.90981645676725,16.585148932820953,0.15762741075584058,1.6637272208667218,3.919341622962727,0.47967189767010837,1,37.013201423968255,0
81.52605829586238,74.44426882509596,24.45884212011217,7.633981386967452,0.9181205819300507,1.9664946864405068,5.671072411328468,0.21448521732276893,1,103.85350621340066,0
57.987307677769884,25.289857265105525,41.93089337535507,12.244458708659167,0.23099841638612065,1.9574841252855144,6.490681052059498,0.26685658427226244,0,118.68460665374016,0
106.22557235692261,26.8261602761699,22.859871557269173,-3.2508755845968587,0.3542146183269861,0.015921135931182828,6.09424376653097,0.3466191027654234,0,15.111571010198995,0
12.66832871785047,62.69761282603704,56.18587821074368,30.139143858298745,0.10760890585596881,2.5788350468408003,3.3060680549554444,0.19648170479617943,1,143.89707055671312,0
63.569235892159554,102.03760324955611,29.398071910119434,6.126052208872322,0.5039800455764115,2.9180331115625373,4.042946623477811,0.10728979772087167,0,33.91419858225839,0
71.11053345051874,75.90670386177548,71.72969069260444,-2.3185804814275413,0.37563389346994586,0.1328743250120601,4.929157689594741,0.15284863351724634,2,67.56827387868314,0
98.23651017810157,71.54878730672624,92.11199529833866,21.961526366824156,0.6803999883423683,3.681430917416887,5.05199008670858,0.09877220185350448,0,25.42304516662757,0
74.38475634783607,120.46996334043689,35.6533036500274,37.389513518143715,0.6930749870271503,2.409607302468152,4.42469869298555,0.06393648949003702,1,4.251415995550686,0
32.55841963422225,23.37773048271652,68.46075914871776,8.259043756516142,0.1259809897107416,1.9625872059586142,4.449684575228211,0.33041468743746766,0,122.36396672059603,0
50.82837770808059,7.940390335322739,38.268449134307815,36.082329858225,0.2626867507542295,1.1596939351447284,5.179772639788079,0.06706865424958303,0,25.505022562213505,0
30.71462304907604,26.767601114756218,68.0820701990952,16.319494738471256,0.4645630420489214,3.7160572137800703,3.655687069474751,0.22959885391265325,1,1.120145733914165,0
45.39648802507599,80.48672850429304,77.51255556838322,38.56364538086973,0.4358832841421689,1.353920336060878,5.125238081120848,0.21895810851787328,0,74.21795800725597,0
83.25692320679211,1.9921805187870123,84.8242639298666,28.026620771824305,0.27885542395072727,0.23862382703393514,5.047439265903781,0.14717340641274382,1,161.15041750993763,0
40.27488956837839,123.3986202720641,34.49744348908938,28.919657320295364,0.2585726944487506,1.2545908280075209,4.085058747376658,0.4311123986041366,0,49.23863518736265,0
42.7703463436988,14.183451716158235,99.6127528160097,25.073555044060367,0.4016173601892982,2.906992483121883,4.734539262578769,0.10437187128621665,2,77.18726318967497,0
12.500075463401338,51.87428554643908,49.300240479877935,3.9353060466304424,0.318199638284902,0.28177321904817765,4.390070461319241,0.6472328746995509,1,0.15273236026943537,0
135.7628893330011,53.62699926408554,93.23815049746652,17.292481709935885,0.3992056933776125,1.8694842275391066,6.698812108209654,0.421495566745162,0,82.14070371363445,0
93.39848113034202,125.52951333398885,39.375671361051374,35.51029247516678,0.3560683048777141,1.8524060331250378,6.926633591134355,0.16093928034558444,0,30.40019393160312,0
60.58594578034825,23.217905226916795,54.697896226513684,7.609758071395911,0.8072773718326739,1.917030411735211,6.600364153445668,0.20005229662563406,1,33.30286516695778,1
20.362920388966533,32.303892428191276,28.831538739994702,40.98017097107183,0.25783036918069935,1.5929266179128978,4.106524614845448,0.10785421347758954,0,97.5974906170936,0
38.548982375369846,141.7525641372741,65.94348317668589,32.55741839112913,0.3566847655910269,3.68767829372668,5.453013129655759,0.08137722431867711,0,8.921207490854133,0
90.65099766776318,138.98780748275718,98.45185756512396,27.565994861311964,0.28014542562636763,1.3547335417727995,6.15936359601398,0.19090451188483723,1,33.32307548315595,0
111.63477634885706,15.870753728477133,89.25817896854349,15.674856853168588,0.44705182036664437,2.9624398774477143,6.198116535479697,0.5114719194304901,2,102.42507111943533,1
36.17053065594767,112.23582092713501,40.83178869960573,40.35587095900662,0.2961412229378908,0.3508973791573293,4.320467411503218,0.18544294350247437,1,19.971025079694364,0
60.48519340701623,128.9254463437347,71.8827327226674,32.83113940449726,0.19153197468576394,1.3679435214876674,6.385647946582669,0.39251309785206856,1,13.501253551993857,0
6.6744148583903415,49.05101527441531,83.04951519561752,1.000137480844403,0.181779095313652,4.318661973409872,2.3786122792457,0.3971482055593273,3,122.43600741785177,0
89.30132697990359,88.87244908523947,50.03988976165761,4.325550625202988,0.5160050562270809,0.2844171896294536,6.772351903555192,0.4108150191260587,0,51.102254276048185,0
44.97654799915746,8.211747338939269,26.383129890720028,28.903018839383762,0.3553786860788742,1.4633983799094428,6.151378139904474,0.39194220544490993,0,46.24728624450773,0
30.29636165781459,101.41395512468651,47.016861977937964,3.237051918163596,0.08580076987582128,3.515893275156501,3.1369387237022646,0.11685847998567643,2,13.453153259379098,0
43.54672095777411,19.065392065611057,51.751038257993514,37.453543745174606,0.3492105490737334,1.4493335393343458,4.387506020875481,0.09497619287801354,0,17.768228158421927,0
24.31738676180174,123.81598436229432,82.85332815555648,44.983660262104614,0.4647705539550491,4.112964612180127,4.477053021033794,0.4034687518355007,0,215.24956561597554,0
70.84482418740532,77.73085982737813,57.62369781532598,-4.781300885849533,0.33006505136427994,3.630824231264042,4.812059260438066,0.30877067938835817,0,7.344683049267144,0
43.980139723789925,59.11254727650478,98.04839748712897,10.542307775869663,0.48506381129734893,2.0980843616445237,5.478972447503763,0.31221889049185353,0,61.977853505503305,0
61.07236202135715,138.00600788188555,45.83829866910464,25.322888777177283,0.35410135471605575,2.5314631543551345,4.082387396327251,0.25880737701541257,2,104.34292656618923,0
19.724177111546553,27.5369441032719,33.808729032181965,-4.370369366625261,0.3105055176609328,2.6307557391655476,2.8065477098490708,0.23567536706239367,0,35.834661051723224,0
27.989418821788888,142.75536095858058,31.25226713869334,22.691545793391175,0.36965757677556077,3.919541028920243,3.1177772644663984,0.28301961154912253,1,3.5400502458874166,0
10.606010126159171,61.58980458573999,52.88377548448465,0.008466311866493825,0.3747295161895373,1.8552968610313023,4.432935115656366,0.5721637762616858,1,52.92413744245994,0
43.49264695136476,33.540382248550664,29.806652520574637,5.441851022599192,0.7625837734439399,2.5301247954229984,4.124614514028545,0.25950518318153765,4,2.9845265224623807,0
59.56854541337915,83.12718831731982,83.08414736066052,4.048653198900114,0.3798919685684669,3.366395336364257,6.500631418057856,0.33887876593158994,0,78.16465110121226,0
18.936442187149087,87.80631341864346,92.978369759968,-4.367108575791891,0.3147504531223066,1.2854681402977624,3.4371813700858045,0.20879711511470866,1,15.687948961125265,0
4.630693137565003,7.467150228456565,91.20151209190118,4.417343664472504,0.131173475540364,0.8566569508012818,3.556724961207653,0.28011154073589895,2,29.356189044882395,0
162.6622655933528,119.45860839295634,82.864678739548,20.334560050314934,0.5405026859019653,1.9704284749432013,7.67091666383388,0.06823864845000858,0,25.977270181578493,0
7.230773429367797,96.70799660727265,44.43453541464258,32.72616537127823,0.210227949125624,4.841649588901411,3.4088816851733057,0.16415341859063678,2,54.849662998689666,0
47.44306431310224,143.8536263959449,33.67559148540686,43.97253815564119,0.6254084039199146,3.0218976264392605,5.570434625467387,0.15221222994841438,1,47.29713995367281,0
37.27136009123171,116.68165583053158,57.94604564402328,28.445005280930893,0.40675887769495456,2.2943943445882278,5.991073004191373,0.3257419039332962,2,99.01786582794026,0
109.78009641246388,106.46056272015304,23.590481317817442,38.13370351659446,0.3045934542061222,6.201749784190523,6.9853012786364745,0.2112540417009837,0,8.493055123672384,0
78.09665337410459,145.51753296276482,68.49733137766128,24.19166363127113,0.26313588161348456,2.1180253313460997,5.5786023050851306,0.14305039301006514,2,20.508344924132807,0
34.516166379072835,142.83901175434855,76.3928906185069,17.406434973257976,0.31529945765450795,1.2132364942595966,4.098507466742754,0.22647657273408248,2,76.34394525214732,0
65.25464619785268,130.5295035738363,43.72012568191512,44.06641455692214,0.38147999784203024,3.9081351023642963,4.908601385103451,0.37753535645089,2,17.100935262217625,0
46.220493040403014,114.6143379868319,62.22177672551016,6.949329387783825,0.13608003445274447,1.0838941461284144,5.322961187378397,0.2200993669347555,1,4.421851135468431,0
104.21786236874698,82.20322458437026,36.79454653387875,41.62479372568698,0.43102986074701327,1.086526347257576,7.508439109496921,0.41736993059875727,0,39.252307302180625,0
43.29660382459315,64.33311470253159,45.32770787301174,34.57869544650139,0.2587190016096293,2.28717655268377,4.805151804120081,0.346729513514095,1,20.129371113444012,0
11.22152066861841,67.00330826169973,92.65516765572022,39.005333360320236,0.31583129904583007,0.8775248457338274,2.5590401590899177,0.3652337179950482,0,31.973500904219904,0
114.8836556892937,8.299858074501914,90.41050827469134,11.712318707856568,0.3575471878364022,2.0604117340221904,6.944536272345056,0.2743493920288692,2,19.017375246675375,0
8.11003114953016,40.602540645259666,81.06281521625273,40.87129264022506,0.36346496917739013,1.711130120434166,1.825683108564374,0.4245529597034169,1,20.791328465280237,0
151.87180666716503,4.394916465512755,47.3812474231797,42.354377348777774,0.48312795961034594,1.8850695562589417,9.136494482496232,0.3808254812616512,0,66.3663650524666,1
126.29822465881196,112.14777368474667,51.639126094685615,-1.4592649307117744,0.41565897133130403,1.0694755652918861,7.645198060774389,0.21291366322770172,1,145.64624320279228,0
52.76247753444355,65.66722159494299,92.86359444079591,29.770357429465285,0.16343947825407318,0.9077891190365519,6.183925282661289,0.28612909369756434,3,63.96482868813963,0
73.79745235353265,54.80502623259792,99.75924022500409,22.77544891977416,0.2422110754319454,0.6405700024382197,5.601602653998695,0.4684318642404563,1,15.01157681372065,0
116.5731221876941,85.33821087670745,36.36034709542366,35.55108446461134,0.37280357017708043,1.390303937149838,7.169458656555902,0.30915219809074174,1,92.37733934531346,0
71.60042129510951,119.76802575767857,45.060059239105755,-1.7186002332129813,0.24393770007136023,1.8215484882747097,5.846866783462852,0.43713529121652933,1,16.258292141828207,0
50.73240596492439,47.938413938999744,88.6361556321869,29.66975012991889,0.219537598141002,2.7809747239361897,4.580679798417956,0.2692817310005376,1,129.4292750760074,0
181.2696851219064,101.04147479950427,69.76235834016074,24.48898003890392,0.6876810628535303,1.2191875491337472,7.708351198191887,0.3611918128596703,0,25.723947546413687,1
105.27346687738407,122.91417805055477,20.747596278899536,0.14164080320786976,0.27204984988166275,0.00917605885944206,7.0232838000987226,0.21629666578423337,2,18.18819077073854,0
89.49293555314509,142.39217576339755,51.45363476514113,8.383337988472132,0.3637257641321435,3.154219298927565,7.049762804449612,0.1576173236137763,0,111.25743019035508,0
98.63236328352161,23.0119323583632,62.03455986477138,16.61135377455211,0.56956024489606,3.66898159174104,5.071480428221032,0.02548787998659733,0,46.5361695329834,0
77.66973029625109,6.910375451320139,57.57234055612989,0.5657160738775078,0.617107372278009,2.09446384142333,5.306581037303987,0.3212942727811855,1,44.88176232457561,0
76.54204582470886,91.00743029550058,60.37915803042814,33.66520200571877,0.287921826931712,1.7972081265118118,7.185764593785016,0.06674992015894887,2,80.5938612603877,0
43.18845214543414,75.2903371171291,50.64811468724676,20.51313231103246,0.5812031359117127,3.0601642682411563,4.775858774803133,0.1395555364317254,1,123.70763155658936,0
22.600408257423673,18.99838092707909,23.83740468635807,24.655297755608228,0.31251046413529954,1.6497702393613538,5.102235413933613,0.3307202289359394,0,29.148134236236803,0
17.44679034945777,79.50785088185712,55.433127843357084,32.77473285071075,0.22164088569853901,3.345847261319424,2.2552230580978154,0.2691645542397169,2,72.59218779042722,0
66.32116837933422,56.002974154774755,90.66797608176832,16.470939342612667,0.3731469800709777,0.8501493295260394,4.206414606677309,0.14535267869716373,1,61.466356223573214,0
76.96153901212658,26.461786564182926,87.72406206558902,24.439726459011478,0.2102998306654721,3.5848767347992117,7.042174019905925,0.44777489101701884,0,42.55877899902552,0
38.688674165819066,145.63570671748042,37.59063917658793,25.672871331562856,0.3095762855458661,4.5588868263124835,3.4565830564302007,0.23092974053064447,2,17.958534746037703,0
27.275953696791845,61.184135517028565,44.61240698850692,0.7145642918428274,0.24883010039540923,2.3618767604492703,5.0508566742706185,0.4770173658693448,1,47.43016419452254,0
1.8131648188273741,71.16797697667849,77.99282174688675,28.811686752023874,0.23237600010831144,1.8232495687882524,2.842697166892073,0.38723313137660137,1,4.35337126961874,0
156.73550777221587,147.6482968221062,27.55699406408695,23.25866281119687,0.44483674387456484,2.636050217673553,7.190126818214959,0.3990509490274148,0,38.00943184306219,0
68.37482365621904,59.95793264616414,21.574657230513097,37.35787285015539,0.4709392334693422,2.9098543528567307,7.088897509029268,0.07578823585606254,0,17.697234522026132,0
21.94891504862449,64.86557500747546,28.191557023454124,15.753906450389952,0.06600607664840352,0.4555176274390431,3.4716080813280583,0.24548385242354806,3,5.783467885177875,0
35.184464195242924,145.2628695750612,29.94762539539286,1.669430854662978,0.12745276630118776,1.8900714701672354,4.2501310300134705,0.40824301373795924,0,25.19939559854409,0
60.29385940150299,32.319436091359506,59.3500767568659,8.731843990849146,0.3780869712005376,3.1492264180378804,5.196502600031951,0.05995676389602749,2,39.82896094576365,0
58.063410242473296,92.71544483425453,26.709899084160966,25.14544057123428,0.3128073847204276,1.9685626605193776,4.080615316261527,0.08420889158727077,0,77.7074801984612,0
46.65520362632858,144.24171633816704,90.05736292471515,6.252019952209968,0.37201471174505885,1.6711924796028483,3.7324361347522865,0.08623005313489047,1,83.90501340341744,0
70.67840915654324,140.03897155518774,50.111003018758026,18.689168115391112,0.24759012067669983,1.7942708577458188,5.057091486124594,0.306358902049909,2,27.333331879849574,0
51.902876372792974,95.88027440849397,63.30683061610138,34.93859145573143,0.18431320769698462,5.644551783046865,4.0574202271691115,0.3644640151968695,2,181.5157507209056,0
3.8138306822503685,1.0182261035384665,58.074135789197065,-0.3393037053650749,0.27110096164776964,3.1199481732937877,2.88250049023564,0.21392929166891794,0,124.039083693604,0
140.98840744616157,79.022574907562,27.87957133435226,14.75381626940963,0.3579588950538052,2.290008152683513,8.1001897973084,0.7845407599189256,0,84.36885822438954,0
161.67092940127293,40.84730957716241,89.76848509972649,34.84938273794928,0.5251780699727596,3.245724393164238,7.811065690249136,0.36310576432225117,0,44.95529834778552,0
151.78838015417347,42.93364608599916,85.85810873971995,44.29859719751718,0.4374565181221014,0.641382091385275,8.086746299870386,0.43998847874430497,1,58.37308674533518,0
148.68516455110435,25.217714639658766,55.931856218577,28.538001085576695,0.4297373749899275,0.040983058290388064,8.281397219787568,0.2886975631573225,0,88.57699577508176,0
34.05703323665299,35.33489018917519,84.40141545877023,23.485231601770494,0.6780454414373862,1.5229889774397434,3.396094519556265,0.45789394125652877,2,261.71669333461324,0
36.31369837843001,78.04854392870786,90.77399879626799,27.836135322836526,0.40443710883530715,0.42562645192313275,5.222702344601037,0.15986321203985934,0,4.332991579566356,0
44.34876601678979,67.03112928006584,20.297572865444735,18.690421748006933,0.18851585484029432,3.8048942543394233,5.078183278854143,0.1773475610207273,0,46.69397440052675,0
73.84652251992894,17.064293820682412,53.46112647220606,-2.2017221368996487,0.565306833157824,0.7703206752689866,7.010770445630335,0.3361475744065664,1,78.247823445845,1
54.80523841698929,22.486387987070948,72.00739609119452,31.83283676093952,0.2521090428652656,1.529252555368786,6.36342401915566,0.15272916784469368,0,124.59676498032123,0
62.856597808874234,105.75949263080686,81.38226408429186,36.981224793078034,0.3398947037679252,2.3372638542935507,6.084003426810623,0.1181162630019119,1,5.222169902994257,0
104.70217871810249,95.0774728102986,66.4495808385883,18.40304313977322,0.300848106168109,2.7226999821972573,5.442884652695954,0.39224433330633535,1,2.9643020921947105,0
14.861112082019654,3.582628697871415,64.2743648930982,32.32096164220525,0.2092636624731962,1.9021905884754484,2.782060855826291,0.2679803712766837,0,82.101296365987,0
125.87381807408961,127.5870295959899,52.32878781943657,16.492818455560613,0.390710948677551,1.535437529642707,5.68453073477127,0.40345291044817544,2,9.363092252722316,0
148.6264271578574,10.834402240871677,91.09545718278386,14.730247583062027,0.9746837427604177,0.1339284705798176,7.8650541735339266,0.3569009279713461,0,0.4502201224058029,1
129.87496698780302,100.53809640665388,37.80829092329902,17.558200184379796,0.5700649913832082,3.1161931497812994,8.636238137006448,0.2552727583954971,0,24.989441332919295,0
31.56466534693472,131.48407361830763,75.51936867114205,15.876140305376516,0.40699425329129757,2.4632233607242564,4.126877171418062,0.3939323988198462,2,40.82634932199376,0
139.35642569041016,18.07227336577019,21.56884259794029,8.654072516065918,0.41037236691500417,1.1767189069721944,6.462488077163709,0.5254237641630171,1,3.488890965904632,0
40.334122370573404,74.57509210765285,34.89959506398198,12.472382039181415,0.23310886354355442,2.0829511512673675,4.427170512561481,0.17091566490623455,1,54.67214040032783,0
61.906041424709414,26.10156720241863,64.4014819364233,28.75719272219242,0.18988875500052782,1.6332101881232075,6.534823580011326,0.054515762418589804,1,11.134134723112307,0
82.63475833512273,101.26948287666295,68.98490310723174,8.17864754593005,0.4468190755363739,2.3059875519568056,5.200830362591547,0.15006518283530842,0,11.654239635485455,0
35.1172763003381,29.78142883023025,71.89975497893234,14.360892853960237,0.3734809714307611,1.5568932213725653,4.353721456979862,0.4591139263649224,0,13.962935413144113,0
44.59522449267977,67.98926587887894,94.96899951371776,-4.6935676343159605,0.15983212691709353,2.0330373736489062,3.659208851358364,0.3298249507136217,0,89.99914410663591,0
57.959535103360025,84.87946103394293,39.95006303967137,37.982195528269806,0.5702258667562308,0.4963316864185616,5.521860009922393,0.38401008373656403,0,19.885015339064548,0
92.71825602676202,121.86204864358507,94.62232997501876,43.50383094550005,0.5614249270101687,3.406642581216353,5.2602514053851115,0.5138474471543159,1,4.127608163401969,0
53.317367341207216,114.9235652374167,79.48020286232602,3.0808030365148724,0.42109255620400793,1.7319618579566969,4.642521821473735,0.4676522424861735,0,7.940086046826043,0
113.75224355461914,112.39730327136516,81.01220470049128,9.717408325768904,0.6571055288896468,2.6374194261146178,6.181076992030295,0.08466327472792907,2,153.99988765864822,0
39.81621820750156,55.09165519210639,65.65517292614784,33.11153948210846,0.16371977823233205,2.9387405820369326,4.533679900668001,0.15136440241574595,1,66.19391305891772,0
26.770484170130377,106.99825942519084,95.38675959480295,25.664167342094935,0.3972380001029794,2.9184285452685206,3.061172964161283,0.21269897071415655,2,173.49487167155976,0
35.303448307148756,40.16614719061762,52.54474330854795,35.60166465129969,0.3904692208907665,2.6596391216764843,3.689084574491912,0.3056249305907229,2,8.581692160634391,0
61.95752567300088,143.11974623566087,82.7249423862783,0.6348930219162598,0.4739620988210267,1.226682369362971,4.81698256573467,0.2517333262852223,3,35.53659506363743,0
106.40509124011983,25.018100277551124,31.963945484555563,18.71863199873095,0.3826959844882194,3.7617532729698064,6.373809210624264,0.3336911154303729,1,71.48868420737391,0
106.37172535443992,99.60183421014034,93.36788041374353,41.64812742835397,0.37113345662667896,1.9110612858857492,5.740220923626799,0.14984028159605195,0,33.11897190715861,0
104.57945218738674,26.74972686423245,59.68603828004249,3.7498414375291986,0.5005751557881373,4.320352195545931,6.221204966044318,0.038940059292073254,1,87.71852184615886,0
65.58463550912808,114.7723274791896,64.44937237459223,29.932849004062007,0.16799558426487254,2.647632954334491,4.407318279413131,0.0621544674856199,1,5.984028026243218,0
115.35811457394972,24.32750586118161,73.18462068641956,0.6777271921746921,0.555094180174451,2.2627001694371405,6.097703259496964,0.36690655147411133,1,16.27758545735114,0
33.6955222926787,16.39191680522399,24.33075267218566,-0.05668307719926702,0.32458465353904065,4.984553317762689,3.2780700143987014,0.14681059946820865,0,75.27986423414828,0
29.454169748801625,82.77431003012528,97.70379682452736,8.786481849037797,0.2524491993921909,1.6095187971810894,4.568768430320343,0.11838498247288268,0,8.634948989657225,0
37.155511203905384,28.27497791933417,31.622880779662932,36.63793342263571,0.16038838605998074,2.7520694191890884,3.5113800455664723,0.08983733450941564,0,29.002420008448592,0
52.009213967059544,79.17181624434312,39.39350511097687,-2.4168912085505156,0.3516077716866072,1.3424583873397729,5.821363135603768,0.04408442812621077,1,7.768309360893041,0
50.81330050928975,142.14354877810007,43.799413599413455,14.402463502920714,0.3114444719782381,3.709051288533193,3.8920166884622764,0.35685488396813586,0,56.839933228791736,0
72.10811046308528,92.23545218504042,51.031882316138386,14.872696283351342,0.5775958972354147,1.070985287572532,6.62923666760449,0.542517258623238,0,84.86196984195817,0
50.11806465997542,144.9032188695313,43.68524080311577,22.301229666037514,0.4073624166612472,0.19093460158809417,5.2761263553987945,0.06416082913639973,1,64.56181175266119,0
72.36008633044902,91.04596744113981,36.93734227695725,30.40736672992786,0.555076783339913,3.5955559256098364,6.498143257542425,0.2281104158867686,0,23.152513201566762,0
45.6937913193362,30.136700952828367,42.554950747340676,42.328192148937184,0.3044800923702615,1.3579525654302518,4.777054726533896,0.5836121001384796,0,93.14736856211891,0
171.03424878392065,39.79276336290786,59.34854971145179,33.80697018457611,0.3533918828455729,1.6535919541500823,7.798883786699241,0.046384129785067105,1,29.576802827316982,0
22.108143714766907,83.2943737992272,65.05012751136375,21.705084504293275,0.17507601399364864,0.7642329883744976,5.006354616909896,0.4464327319964848,1,24.530703272389268,0
35.1481041934158,141.5661180517224,21.510470286098773,26.17158967216805,0.20143422963056837,4.375113482137606,3.0864133499856234,0.13971364271969205,1,114.28307678813049,0
67.48003046106962,137.21239930914905,73.92010968558829,-4.385466942216455,0.5244594575263029,2.3809318875627676,4.357360226693467,0.1663358711629749,0,89.74190186734216,0
62.388343189707896,20.327531034113104,37.200381461602284,34.6250840930733,0.37234442891865177,3.501902031706116,4.748701893813562,0.30705282577491944,1,8.432047002308483,0
55.58147845295996,36.7918957461551,27.539445312362048,40.468016336248404,0.2984752535960039,3.809495316348774,6.498175422615591,0.19074776850674738,0,170.5270540440457,0
157.49467190608536,96.31653525382816,58.96128324129916,4.810782558514763,0.5715387201823801,3.3896355060427696,8.968453426418657,0.0895219776141536,1,147.28188657920975,1
66.8858128592317,73.78920360586939,72.49168734779538,38.062469259153254,0.26533646268057154,1.577153705838727,6.891208777725671,0.09144841897110087,0,36.24554064374264,0
93.2140529394287,124.93403923308442,46.63296769851226,-4.1730275355061694,0.48061587074529677,2.1550232855943916,7.453175866727035,0.1899528721938674,0,3.1541807624361393,0
15.727008471502227,132.16577225348487,44.09805984498235,31.703201751155397,0.251447453176657,4.976235154125184,2.1999684614581074,0.46564578763354963,0,84.07772906082845,0
83.47585683455324,136.21255305897816,88.81982487819717,-1.1690093035175666,0.30818409843237726,1.5896791495443157,6.97294279797849,0.2409668564780215,1,56.14441023548552,0
97.36185421211698,90.64566297322183,57.00954175469836,27.543941874788864,0.3437401980628835,1.7385169416535926,4.9787054200610825,0.31408707207000824,1,57.500020527994366,0
16.544400761912225,110.01027740023585,39.38605841970571,13.018906077828479,0.5943144294131664,5.9542062807753835,2.3297572413219974,0.38127348117976434,0,19.97580767091386,0
14.66749921093944,83.50638848292807,24.068317506699188,-3.8019307437865093,0.22777393942479457,2.9657760840208036,3.1121927650840124,0.3353944140183343,0,89.46397109657852,0
25.52026802378384,118.00845221003112,68.35911858067675,31.123065516947698,0.23467953409388898,0.6939822685040762,3.7711485598658396,0.5678253447480206,0,16.748343979384796,0
81.17455860743136,38.49925348438716,21.48565750120791,20.74736757572224,0.3282742562755555,3.3974509950436147,6.318017777278227,0.48590265579412667,2,13.643551506203263,0
54.68311721754667,99.96109570423783,65.65465400575829,19.758579612333314,0.7717050073012183,1.9976326905104835,6.085072996078452,0.24892585006947365,0,50.18996292199903,0
16.397351883993636,29.01708420179062,38.19586032518397,39.32653353525839,0.5215357053400536,2.7033218262399474,4.157873947828383,0.3341575198640718,2,17.588125727736358,0
44.22467552039371,9.84011474175443,21.848853477423376,32.18684074762228,0.32789739536595447,2.43613820539421,5.801825700909502,0.3234252798524037,2,17.253755231920522,0
82.2428475656005,96.9070416144894,47.83749329241732,37.22028061460329,0.2856276773855343,6.101030235940486,7.49119712268388,0.46090265240201406,1,8.729149300852894,0
68.49035594051762,113.51838343535955,85.6369032126652,12.766985410977348,0.4485862715560069,2.985123917330908,5.119538242154226,0.22879703840235993,1,90.87841232164718,0
48.08067966958852,39.362412254432165,76.49859988254255,22.670001341670748,0.5156276841392531,1.5859063421819868,5.857628011022086,0.23041210667055698,1,42.38408657631821,0
92.77436962026296,113.480787524296,56.23984806639711,44.02701520156771,0.4312862578587182,3.6447313997225894,6.312518289526407,0.4073837177866488,1,47.314952803742734,0
5.430336513634758,73.18502929189528,53.8751043919834,41.60808596068161,0.5098262239516641,1.0104491006459904,3.5316150412263063,0.22693447220625373,0,216.15613430809432,0
14.832612684118152,73.95451877382034,74.99718432397825,34.466674117027615,0.3358740194057545,2.497780454637546,3.1956764676982923,0.3277471243148822,0,79.99645355406415,0
37.934737082610724,149.3703551669878,78.53167231359105,4.3572515731113075,0.25310686805402294,2.7517341749429187,5.287205379011489,0.28797320107783225,0,219.9428575255456,0
37.00771367424486,144.86556658264305,54.29801134011852,34.49560008514227,0.6823644600060872,1.235580591050825,3.9492061256926756,0.07244970532380247,0,146.46381685246274,0
9.392736723102866,26.777968390889807,52.64160730280649,0.20379782091234766,0.10030239367195232,1.6819645381281816,3.521411612778423,0.6948362585674053,2,18.942676111130073,0
0.9704422616195933,38.12209201917216,27.75616988791902,5.6980865420397695,0.2461388774832596,0.8147140488752405,0.6024428065475584,0.2508945790234565,0,62.26591713492755,0
9.296074165268582,75.47003321224797,77.72094238747388,30.74279871002046,0.2854506795565508,2.3690794810101714,4.217419377326966,0.12736591616132706,2,5.489594893217435,0
65.79591191266081,70.78537658467846,25.3674986103903,24.968961113055087,0.7914388533893085,5.34196446477047,6.407179696833204,0.43580828981947384,4,21.14844228051722,1
32.54722120873963,45.21842796160019,63.00184801624388,32.04046823663721,0.16019126788672222,2.0226635306312772,3.6104278259036082,0.2371290678408549,0,24.892378743577847,0
79.39175524598988,2.1021776289085468,81.2610656838032,5.691944474763215,0.4162914233406563,1.4370726579915516,6.4177371760822695,0.3786390954558618,0,8.570419764244024,0
44.20975342004036,124.79123125320781,86.25702063092754,30.882279317137133,0.28004746472416264,1.1973405150139276,3.4487293482820407,0.2470972756116049,0,90.9435740996704,0
182.12095449390915,81.34499634316187,84.58967518339915,35.57037513503281,0.7089195570924032,2.6641319509641797,9.341216159170747,0.37966052551985546,1,253.63035487938606,1
106.09613633798294,107.15813430559386,55.37232910292662,22.082075391652655,0.5935706322905174,2.7602203299450725,7.525946728124005,0.34803028934616137,1,7.332651605134745,0
27.691396838994205,0.5745435750483863,28.04242869534687,27.219808114093283,0.43027279078856184,2.0766331320826614,2.760731687942343,0.3414078851576169,1,0.26747398711842635,0
135.0946833324374,98.31539676609918,54.34582125633562,3.2120533611577233,0.3509110663842995,1.750096157910491,8.358131586934,0.27416562159133123,1,11.674004026273703,0
21.442688244135017,125.53917492669355,90.88591736764201,11.067615290761267,0.0864635406802442,2.39833184579147,2.401051590437008,0.41521503391445264,0,54.85587189438106,0
103.13397901558348,10.092691938227183,49.20751361854447,12.677442710216855,0.35629011048839054,1.4676865111922592,6.35390839156549,0.49520423144271014,1,157.70806180995604,0
90.62220869797983,67.29488874266012,81.95819354207867,37.55459411160722,0.777155057431586,2.5886477084652455,6.961349362322912,0.39160008624477527,0,71.69982418631272,0
41.69720607956609,21.16891774489828,46.448064797600146,11.360001101946459,0.5228513026034649,1.218528971242302,4.653752393851149,0.2289977805629126,0,6.299616455047753,0
57.10071763425652,10.986840616108518,42.41731255924569,9.254974969149703,0.39233620812049796,1.3518214636046892,6.729869793449614,0.6108342291451259,1,57.6957000015982,0
31.367282574480562,77.27883392073205,73.4081370866588,18.220145316032298,0.18281710622800146,3.3231266634810748,3.2179857661504805,0.20282580874601472,3,11.978749576268813,0
85.39823514988501,45.8120247814127,72.9748708569467,2.4150867403873555,0.4088110590654231,0.24201006739844977,5.045275750780008,0.27034553022071883,0,3.9468718335042943,0
44.694272713720665,42.381129549366534,57.68662805636105,26.381517745089393,0.5637067424335562,0.8232445933633572,4.1480910406403435,0.3460031717393052,1,35.43582587674895,0
32.26244543858969,98.13536699179768,78.37597019573766,34.6614839136661,0.57824192726726,3.9716889002210207,3.491051225309141,0.1556608795001781,0,7.955528817673681,0
74.89147546902059,50.00517571748442,54.725686545278435,23.02367410867509,0.21333716704690997,3.6942424523294353,5.2057032615637295,0.10725314036054737,1,142.21972990132733,0
15.524483878972369,70.62246290488471,48.81136913111504,32.589947225935425,0.5501490992299521,0.4574102743002548,3.9838978168858175,0.5801925619676885,1,103.46583740368304,0
135.59984559944286,61.93667843838199,82.816229433026,43.382354636640436,0.5682701650076222,0.020510298756327483,7.830117529541443,0.05988519769852206,1,66.61335901092362,1
14.041495266791753,121.84759990711783,24.24964993592009,17.75258524040693,0.455163994466393,1.8235964492132066,2.072292126556187,0.7187466236049704,1,78.64747113712838,0
37.37593284141392,97.61824812703527,28.77025555227518,1.8347537244518142,0.29191666727790133,3.8388195337443323,5.724484359749887,0.4333118089532469,0,41.41676284927201,0
112.39835704972491,50.949093072216414,43.1481928177797,1.0569286924450738,0.5535097290124937,0.9866052929059579,6.6235275188164096,0.3753028932064235,1,72.85644944598677,0
143.57118188918312,11.271442976637985,24.311863231503104,25.72050046585829,0.29341774455611824,2.5472439347643796,6.253265286183299,0.5772014215221045,0,9.57329948169792,0
56.48040692960492,32.65496982858487,58.125435486401486,34.34784052395207,0.33461757361799643,0.6570709539138964,6.321706730744291,0.34269029904306697,1,177.0500139032285,0
41.59693708617916,23.226402243034112,59.69407408808922,38.17215667551667,0.36610431945182,2.427008550358603,5.405281728348948,0.3350053028140554,0,37.305490133136615,0
17.85021763564118,116.37975978041803,20.763116322043594,34.727614721085274,0.25850965460419106,2.1433994988462044,2.28668978261313,0.08986542700837671,1,22.895546590114055,0
49.286411227185255,50.77603191382093,65.20578264293549,-2.0933104486585705,0.6717675832015223,3.1593998466285114,4.555452054002069,0.16955513296812058,1,126.56245955680582,0
96.55720337355429,82.44334516590524,40.33742632533506,22.64877930087199,0.26903286250534253,3.9356524696871604,6.137186523935894,0.4298190255465716,1,12.631401131879999,0
24.995179713684998,119.12018425984085,35.8698031878161,36.05618130588622,0.38884862422303224,1.8235302125467334,3.6696355474090905,0.4089938726799176,1,4.022478527492956,0
28.07649602245039,118.51970605891624,92.31853572714283,8.9797185261616,0.13185382376470273,2.8321679711627503,3.4810543629367214,0.4992149330394259,1,72.96732089246231,0
52.73406798531426,27.393769537965166,46.97902006686736,38.7664541318954,0.09147444943941362,3.1113710855812347,6.3445326223901475,0.37018200153923564,2,12.436060325926606,0
14.726819589174823,126.36961602533627,21.600937890301985,-4.4283661663897975,0.3536540274931681,2.3602202822413645,3.6086753556688373,0.20810044527641322,1,76.01305383592296,0
39.957983923127436,137.0591241009689,83.17388910342046,8.699530023629503,0.4380011803800221,0.9561987453964882,5.9599017593540715,0.5425038965318211,0,31.696749787569598,0
68.3035957637071,79.48134382773091,57.640057527174584,32.38883191360504,0.31851183160303465,1.4718935537855136,4.174987586689684,0.16082584436998884,1,97.60493767628964,0
29.153860639178877,55.00828628906986,51.082491840483364,40.75881685932989,0.7229461663435998,3.631953331219308,5.684669197419912,0.3131258270549169,0,12.250722960077457,0
41.6261344989325,86.86947060525736,35.798902532162586,12.772473179023923,0.2791976029621039,1.8112789009710522,4.344792761655591,0.4844567898910472,1,32.573141406542526,0
60.97173926100811,120.49568602770503,86.41463732941551,41.22150458921311,0.3558915116845581,2.5174932430251413,6.090895163333248,0.29765321857656063,0,12.173235710144171,0
32.82396187860735,31.81218562160666,21.770756082359767,4.9052097120543685,0.35694184932600825,3.9632944731405497,4.2530866472112,0.06325280003211403,1,118.20449710318981,0
159.76169064900628,13.11252118066258,61.61445892534077,23.84547676613757,0.3867828155749749,1.2131812291596584,7.621180575376567,0.10762349277303547,2,15.504179699564567,0
43.802683252538,21.66547262326164,96.24996900063721,22.41018863960758,0.5436060641751191,0.5724888004243174,5.350683887433208,0.08962760497358548,0,80.26879856483347,0
13.869455890758065,149.7841209878443,50.55664152362151,32.82388394202062,0.3553389040315666,3.1191331507514644,2.834063421189326,0.6091477977524729,2,9.077390858405332,0
54.555780130822086,93.76373290297929,77.48829925521565,38.12021761465446,0.7105354537197087,3.276879443559656,4.866427155156843,0.1869254645081614,2,20.77895582563136,0
64.65578496530883,24.64056741838921,65.24459865811096,44.06885521630974,0.5161918910093313,1.9676205117234216,5.050336266387556,0.2550376278404897,0,22.499085981229243,0
78.34905970363471,24.43539817160911,22.882990199934994,5.470990840014045,0.6578870902989173,3.4123340864503726,4.72641526452492,0.3503029527523076,1,21.612898916290394,0
13.181925531358866,102.63136127827299,49.20669386275206,2.363690424916336,0.26875336322413246,1.3564375317772086,4.562666154958958,0.28814732633445017,1,50.34652315780402,0
18.40393988741691,8.107144102458985,83.08654120867769,32.75715250580707,0.11750741843012448,1.1379900288045819,2.282736078218413,0.4316889732915758,2,19.346313441118625,0
52.051394962024546,107.4488015214042,38.32932911291192,31.79922443785398,0.11974522957719415,1.420590942930767,5.680190564773513,0.4460676540055211,0,41.958356966199496,0
49.78495977371067,109.90851231199598,43.74401640414711,4.053144955798221,0.3549271730291442,2.2111861314127825,5.540079304177279,0.10357203079020788,0,163.80542342150795,0
18.634510293360204,0.0361507027701824,68.71992888415429,38.490618290696155,0.26978306511331557,0.19292630828970214,4.384883490197515,0.4339960487531948,2,15.838134609837986,0
218.93993366348613,147.207500136192,47.01983973878778,13.620033301767808,0.8009065881828489,2.4359422134820576,9.117725766355399,0.5134519936409224,0,22.592483352404223,1
10.509410823857435,31.51766639103218,84.65256392193702,40.27343460687078,0.3385868407772172,1.4318760497680887,2.1384082528734094,0.39551698418688946,2,157.41564229870366,0
42.77683573062284,123.3971890790834,35.53221572948392,-0.8024169250108084,0.3028837344997402,2.1144369754106314,6.252610577228319,0.09532527510143832,0,60.846167900585286,0
69.46604571553863,106.3771055691607,48.43493445796251,31.392793402507337,0.35648814589238403,1.7787120130566687,6.082831232098721,0.27099842910113814,1,129.58483580297977,0
59.03715011713469,72.35343128741295,74.28136555875315,2.0161759883913044,0.27002025915294137,2.037952300416808,6.544043143187252,0.03874561636480548,1,48.28491780815799,0
33.94127579570432,123.83022622806236,21.22118717168238,4.730962716228259,0.595748044730346,2.424402437760836,4.592969563594779,0.22207680301463706,1,59.34538434405357,0
82.72536657451454,29.65354546717313,62.69803309371555,27.106457343213016,0.20301735086388556,1.1830435357907114,5.392398477163524,0.3332080388859563,1,45.97725902570184,0
131.47272282386038,55.98110536576903,20.402040269224955,2.6326490000303506,0.4149118498700368,1.4479131034750687,6.75809981072225,0.054474217715758805,1,16.88714302812517,0
44.20187090950066,141.49651678112247,86.62232568186357,42.61506923005533,0.2075770872207232,0.18610660618746078,5.197441789565333,0.14154277033502216,0,94.38220029406985,0
53.37768381913757,36.20245557562498,57.55478897232351,-1.365884220509257,0.307140425183319,3.203404567349522,4.566760068560652,0.061122485237653595,1,78.04337150140225,0
28.777871128535477,106.95214377926112,96.04751727448995,23.240639054309113,0.38813021806788467,2.563901474851858,5.069787180590369,0.222440054583638,1,62.02074294743161,0
79.75851046046756,28.490211549153006,66.73798310653746,3.9116549455791727,0.42237602288343346,0.19000598424679982,6.712068414281576,0.20713450160291375,0,151.96745932303045,0
74.28207291386663,70.10810031718881,95.89639345913446,18.51244928299881,0.2751608795896337,2.5282104811432116,6.561428589775121,0.029080734908196588,1,75.11981178515275,0
56.913833287594635,7.548439940199591,38.22226732942411,13.39161121604782,0.43111349490916656,3.754863897912861,5.871445719827088,0.7250445911322113,1,26.489912891662453,0
59.18319475246123,137.31243022000552,86.33454239599342,13.785290269013526,0.34973628038821064,1.0241674910288576,5.385050488387217,0.5751868532487375,0,25.087704596178355,0
75.12212147542607,7.57612062484232,39.41719894388665,10.72730488016788,0.19095689107880975,2.84386453312691,7.09652392905301,0.32722937429379906,0,32.63225000220587,0
38.99596675646931,2.9101868427323154,26.25936788640182,23.173523690642593,0.4162103261213698,0.3410327170893632,5.9692039526072165,0.5007022795820688,0,95.18766121507903,0
45.20760063003143,82.03732706896864,93.86396066159436,41.56333137006689,0.13614206433953158,0.4610933604433036,4.512874449280815,0.11391461310199125,1,17.52222642960734,0
6.414262996723177,131.91940402678384,79.3282415789767,43.69702917866286,0.36882594916604594,1.2790038036274323,1.3726968363476872,0.3012094331258359,0,132.8479220489056,0
31.725481736122877,76.83908458143908,55.209661678794895,18.46411390601207,0.12845988830148763,1.3990452818024584,3.7209644534793633,0.18800774221445038,2,64.76193293455106,0
124.35720481842316,60.75016478813226,84.77394064704586,-2.8924791518532897,0.781094195923244,2.677552690019061,7.023608592426316,0.27774384378071676,1,21.050697431821455,1
145.48493824440493,74.68037707714788,62.73519134468954,24.106068540991803,0.6699998366412983,2.9516088404188894,7.900969803301879,0.16743198531451128,0,21.892392543225775,0
40.36731625572097,122.90973464497392,88.75476662668407,36.611289175195274,0.329304418951726,0.3811853228963511,3.5912822853141675,0.39824724128556493,2,85.48942187348936,0
61.52968778650287,38.02406298857856,58.23016616981845,34.61253500820091,0.5408790628835994,1.8065154826812364,4.788859235415874,0.41355040289530764,0,34.37178622714119,0
25.017013906237402,96.63195239844268,51.28737953185764,21.455163383021922,0.18407971266923992,2.2078912602593013,4.94579230625334,0.16355497987052584,2,23.466936268783684,0
43.14208692876402,83.6137117005213,46.47096701550354,20.39310188079969,0.3170983497772673,1.9641098040099512,3.794755324495271,0.09400752997673333,1,1.2193983051840265,0
111.88098375017093,98.91348702748743,85.84700232055043,33.083745269709176,0.5067972397539644,0.9484950308005391,6.9550910123893095,0.11988895810472087,1,8.268278255270852,0
19.42598056677078,125.28660902382985,29.16262946610786,36.91689102966926,0.44187616126050105,3.766309117670536,5.183504920684108,0.12324696407548764,1,32.92339433902154,0
25.274519769560648,50.05563113634449,33.178720711017924,-3.4903992331405687,0.3517642206943017,1.5333275659951084,4.826499625852257,0.20726795057635666,0,117.225757895965,0
11.497286886793743,138.38586073587,45.44077638514385,13.433871192457236,0.6628661026846482,2.579232139433996,3.5303094721317096,0.5368908230888619,1,41.238725334508615,0
54.87584696098683,125.46596060641849,37.134100219166946,29.673345298201355,0.472982162628539,3.614185917392011,4.986588511737509,0.2414309252095454,3,7.014869624049227,0
103.1494231410265,4.623692804905538,49.978481802860784,39.86413360677609,0.7348408384060219,1.6643559542173827,5.257371039441995,0.4422762698173497,1,69.28884892479924,0
72.24882314239917,111.66288807199889,69.00742466207012,1.7689298005550569,0.4687260599113702,1.4121052039107616,6.923651227233227,0.2242427401272845,1,29.446235980967757,0
138.13718027626393,33.84968745780826,41.804619905232045,29.292724620074594,0.5475799095132174,1.298297607157429,8.514421599480784,0.158020927184205,2,6.070420059153491,0
90.93479478834277,22.118087613920235,58.45712451874847,26.75122830708048,0.3693418563890617,1.7548020586827462,5.002122788050878,0.21394160412288082,0,170.2134021830497,0
153.93000958639527,5.6546085634005925,91.52436841631092,1.5094674600401188,0.3191447339992992,1.200405069674628,6.446055985070843,0.20796820715403164,1,14.469961205136478,0
20.788974341776612,1.2532056258207858,98.6355937296177,24.72369274563095,0.15164223311020025,1.5150907669716136,4.494217320167309,0.5073804912316741,1,10.87727323609356,0
15.339182337848902,137.513400467812,46.65933924405821,9.227030513602806,0.19344047611346846,1.6727120944542422,3.6175137645814104,0.07444362393950005,0,73.77436488439464,0
46.10662832478835,64.06686696290012,76.09129051068615,-1.1257101274754278,0.5879422062635556,2.841340949698809,5.415665219292086,0.30225075345376784,0,6.752880148533763,0
71.02593709137886,54.722714446178536,39.46415423863737,42.94523024226026,0.47060307746505176,2.170585153129855,5.039512035466223,0.18862336654627937,2,35.63264917199858,0
6.952065447262169,5.821942171770317,28.476472907523814,8.752012947036668,0.2646747346886309,0.526417699866585,1.8950496862758213,0.25889709188507437,1,53.05900678051965,0
68.28772371906992,47.536952072781645,65.20590331840842,4.144688616459963,0.5589467318703712,0.7970947987686667,6.448170617780493,0.4651230778405705,0,15.631240263246148,0
6.780833699411576,49.04131503820424,71.5094342044101,42.82744543646032,0.1278939577153021,4.275592935547484,3.748080136402018,0.1661799447674897,0,16.34737658024128,0
38.07486057475061,46.44477150042687,99.96041517668132,24.680341302458373,0.3016139767194609,1.9404869038083938,3.3894233208026954,0.2688584494106616,2,6.861806169917499,0
38.38440426765825,62.019865006524014,66.39695844280888,3.676845981944176,0.4134866596466886,2.3960494215190042,3.592704473522359,0.3632381340716314,0,94.64635005665177,0
175.70887947916847,123.27021888813005,32.220034533409326,17.605110288215712,0.45040024208202123,1.4468929840901408,7.298561983671091,0.4869699829089078,2,21.597604906330687,1
42.180121727865576,103.92017979448632,47.564952639030025,32.922297849993214,0.20038173799230438,2.1770797011507446,4.357761053588591,0.23411478394470092,0,40.228899375043845,0
70.11751479409013,81.44106667339916,94.52280393242096,24.437973178250477,0.15812020341823113,0.796739961654217,4.588597168562693,0.34214163620417687,0,36.73350720996277,0
48.65710667010307,84.23917615682913,31.49501001473702,25.01093055309847,0.6624443270299665,4.9219173701242855,5.369848672197774,0.5072255471579934,1,152.55972643691285,0
46.27806953260465,42.77798940150717,70.66267858663963,7.4345904735567565,0.3586120163114308,1.543558350275773,5.506474581471982,0.44845549808871527,0,25.687299410379413,0
31.593026924986983,136.11947645196383,55.37249104902494,12.449746765095547,0.3527248578176711,2.1348080840131978,3.089531072771347,0.11305917604387011,1,95.21543932975958,0
24.60245315652033,33.48831016040414,69.80126947301727,-1.384471261360427,0.5820733356042495,2.3072916099766783,3.981136730799297,0.0816573797617853,2,37.0362286338263,0
66.89612912200944,84.01739745140226,60.402243691901354,19.772959645147218,0.49183598797406664,3.29873336227563,6.662292285685206,0.45754910984386543,1,42.54670093686473,0
140.66845868682685,112.52412494319015,98.43766382264569,27.62634388752094,0.4229361876275889,0.36708344753129896,7.974921279233376,0.10910884055151922,0,140.06143125439363,0
27.490768713537367,147.21321373830378,83.35688115733726,28.70996874714303,0.21906880528216688,0.8230106706438698,3.591805855796234,0.12415142644403501,0,4.209833760067287,0
72.24292851677635,12.437187209172173,35.34187666349368,14.902158705204787,0.2566847045456917,3.331598819951323,4.951150321037138,0.4365231829872941,0,3.823001519650147,0
65.14540092144037,122.95155041706886,21.436629100012077,-4.559258335276368,0.2800149617963341,3.236896940505779,5.33915363957314,0.28691355763693266,0,106.87996909170651,0
48.98013583354381,13.259545072013756,36.09092340723018,-0.5715913087459956,0.18350307261359758,3.6258077093004486,4.6749819915308795,0.31633660806693575,1,87.3655603498999,0
24.708206433075606,37.080911060831525,94.81742481367,27.83284783114226,0.5156275371496295,2.6648417108494193,5.31706392948492,0.3242608548648103,0,28.545535829093694,0
71.09958874510141,132.22287293833656,36.42945477519882,16.327642712081985,0.44529967906834145,0.9304851256714672,6.486819903135119,0.04506607659637522,0,125.9077363888307,0
123.0921176732208,104.02647555694806,77.04251651000831,3.0468505601209213,0.7710347777378457,2.0513605277180695,7.664959927587912,0.6478114359781701,0,1.0011908472230382,1
41.96557835403836,40.44450131507742,55.30194694000549,5.999556344846534,0.417627126267265,0.42483688404908015,3.6842693944675884,0.13007242466862323,0,47.26638286289994,0
46.83758032624863,93.47586367982808,24.920458916691082,2.4547839335716954,0.09974892780052103,2.8036162748847477,5.8778477954684165,0.34707227538155583,1,46.719882561839,0
28.593585989126982,107.11787113873739,54.7148199705099,13.333358893731656,0.1622598421238675,1.1566237135735626,3.9449128032198706,0.40619175853877065,0,52.369462224064854,0
12.728717689314003,138.0057246163579,82.73497433856636,27.357978056347868,0.3771443127652335,1.4659025232472631,2.5817039927175416,0.3255007936865127,0,55.474676713990874,0
100.17235856943364,86.55306025358375,33.743128758221346,39.31478723756999,0.7328166257874149,2.4671665220453165,6.472887169176989,0.6312223229239141,2,27.46767344771143,1
104.7697969057066,1.1194710625829107,38.671701556650156,0.4072971168599331,0.5131405137396274,4.355082632044821,7.808624143903404,0.10141220597311594,1,6.544350460738337,0
14.75143964786183,89.43878628490532,55.12233951843584,3.865562676132244,0.33048786731481683,1.5265516513664728,3.701747608541722,0.05611918005779707,1,8.488128466578573,0
8.986041288996693,149.61344085803313,39.29654197024184,22.610753402731476,0.21290793516197568,1.038846435790881,1.9647741044154448,0.04288973128929155,1,104.13043266826966,0
63.64835911217615,65.33837370190635,70.40057083572185,15.186650205246508,0.6793586981487607,2.524443254339732,4.528955028508403,0.3902029761128923,1,58.68612639211633,0
170.29411785902332,128.00936003054125,47.61438706365044,28.393011111984023,0.4043334808374095,2.794255671160808,7.024803901621413,0.5443802061465666,0,39.254164989420545,0
14.458947863338476,19.030924209463997,46.62546888733375,36.444855598793886,0.26897943854888157,0.2638107865108894,2.282701155093482,0.013233237490968362,2,37.32878250827731,0
56.935067230712114,26.217192731240075,21.75892176314589,6.343525816574706,0.6735458386761959,2.387034510812395,5.568113897133154,0.3272236340698092,0,108.47407430509476,0
